product_id,product_name,review_rating,review_text,review_sentiment
GGaKvoQVBJQ,W0133-1654321 Bosal Muffler,4,Great muffler! Fits perfectly and significantly reduced the noise from my exhaust. Installation was straightforward with basic tools.,positive
kHk3VQohHuM,"Magnaflow 23293 Catalytic Converter Steel Dodge Dakota 79.5"" Length 5.2l",5,Excellent quality catalytic converter. My truck passed emissions test with flying colors after installation. Worth every penny!,positive
e_36YXDo2is,1979 - 1992 GMC G2500 Windshield Wiper Blade Bosch 47716 Front GMC Wi,3,Does the job as expected. Nothing fancy but gets the windshield clean. Fair price for the quality.,neutral
dfVV773R-2M,On - Extended Service 78y9229,2,Service was poor and took much longer than promised. Had to call multiple times to get updates. Not impressed with the experience.,negative
A3sEM9hMbqg,Pair Bucket Seat Covers For Chrysler Pt Cruiser Wagon 2001 - 2010,4,Good fit and nice material quality. Easy to install and they've held up well over the past year. Would recommend.,positive
O2ddIB1QQfQ,"1GB PC2-6400 DDR2-800MHz non-ECC 200-Pin SDRAM SoDimm Memory Module for Latitude D810 P/N 3DDLA12434777 (compatible with A12434777, KVR800D2S6/1G, KTH-ZD8000C6/1G, KTA-MB800/1G, KTT800D2/1G)",5,Perfect RAM upgrade for my old laptop. Recognized immediately and performance improved noticeably. Fast shipping too!,positive
zc_oYfD0qFc,Dangling Ornaments skin for BlackBerry Bold 9700/9780,3,Looks nice and applied easily. Colors are vibrant but starting to show wear after 6 months of use.,neutral
1ktPLaIVTbY,01 2001 Daewoo Leganza Lens Repair Kit,2,Kit was missing a crucial component and instructions were unclear. Had to return and find another solution.,negative
mvPZXBgNhZ0,07-10 Chrysler Sebring RI Chromed SS 3rd Brake Light Bezel 69909SS,4,Chrome finish looks great and installation was simple. Added a nice touch to the rear of my Sebring.,positive
QzJ1xg-ErWM,08-12 Chrysler Town and Country Covercraft Car Cover Evolution,1,Cover doesn't fit properly and material feels cheap. Water still gets through during heavy rain. Very disappointed.,negative
WzkVo7HdJyI,Cleveland Cavaliers Jersey skin for Zune HD (2009),4,Love the design! Colors are bright and it fits perfectly. Great way to show team spirit.,positive
3L4SCUvCEMo,1989 - 1991 Geo Tracker Windshield Wiper Blade Adapter Anco 48-08 Fro,3,Basic adapter that does what it's supposed to. Nothing special but gets the job done for the price.,neutral
2vWkVsBSCnk,1995 Chevrolet Beretta Gates Power Steering Hose Gat349950,2,Hose leaked within 2 months of installation. Quality seems poor for the price paid. Looking for a better alternative.,negative
RJwPKIIJS3E,2008 2009 2010 Subaru Impreza Right Side View Mirror,5,Exact match to original mirror. Easy installation and works perfectly with the power controls. Highly recommended!,positive
A3tiQfOPwBU,1977 - 1979 Lincoln Mark V Distributor Rotor Standard Ignition FD-117,4,Good quality rotor that solved my ignition issues. Engine runs much smoother now. Fair price for OE quality.,positive
wpcSB6EsBDM,Lloyd Ultimat Floor Mats Lexus RX350 2008 08,5,Premium quality mats with perfect fit. Protect the carpet beautifully and easy to clean. Worth the investment!,positive
o1oC3wtxZ48,White skin for Motorola Droid,3,Simple white design that looks clean. Application could be easier and bubbles are hard to avoid.,neutral
pXNEY21MrSo,2008 Scion tC Covercraft Premier Floor Mats,4,Great protection for my car's interior. High quality material and they stay in place well. Very satisfied.,positive
wSBNpRWVgKA,LIQSOUVCONWA Pinnacle Liquid Souveran Concours Wax Kit,5,Amazing shine and protection! Easy to apply and the results last for months. Best wax I've ever used.,positive
OsvRQ7_M7ik,Airaid Synthaflow Air Intake/cleaning Kit For 2003-2007 Hummer H2 6.0l,4,Noticeable improvement in engine response and sound. Installation took a few hours but worth it. Good quality components.,positive
VWIe7mRkBwg,K&n Oil Filter 1997 Gmc K2500 5.0l V8- All Hp-3002,3,Standard K&N quality. Does the job well but nothing extraordinary. Price is reasonable for the brand.,neutral
VBCN6WfQMO4,Chrystal Glow Blue skin for Blackberry Storm 9530,2,Color looked different than photo and started peeling at edges within weeks. Not durable enough.,negative
Sy0v8d7KBI0,Samsung 512MB PC3200 DDR-400MHz non-ECC Unbuffered CL3 200-Pin SoDimm Memory Module Mfr P/N M470L6524CU0-LCC,3,Works as expected for an older system. Installation was simple and no compatibility issues. Fair price for the capacity.,neutral
vfe5Vha_KUs,Da-Lite 88193EL Advantage Deluxe Electrol Motorized Projection Screen (6 x 8'),5,Excellent projection screen! Motor operates smoothly and quietly. Picture quality is outstanding. Professional grade equipment.,positive
FchYF1b_tXU,"20"" Fits Mustang &#174; Cobra 2005 Deep Dish Wheels & Tires Black / Rivets 20x8.5 / 20x10",4,Stunning wheels that transformed the look of my Mustang. Quality is excellent and they balance perfectly. Love the aggressive stance!,positive
GGaKvoQVBJQ,W0133-1654321 Bosal Muffler,2,Muffler started rusting within 6 months and sound became louder than original. Expected better quality for the price.,negative
kHk3VQohHuM,"Magnaflow 23293 Catalytic Converter Steel Dodge Dakota 79.5"" Length 5.2l",3,Decent replacement part. Fits well and passed inspection. Price is average for aftermarket catalytic converters.,neutral
e_36YXDo2is,1979 - 1992 GMC G2500 Windshield Wiper Blade Bosch 47716 Front GMC Wi,5,Perfect fit for my classic GMC! Wipers work smoothly and clear the windshield completely. Great to find parts for older vehicles.,positive
dfVV773R-2M,On - Extended Service 78y9229,4,Service exceeded expectations. Technician was knowledgeable and work was completed on time. Good value overall.,positive
A3sEM9hMbqg,Pair Bucket Seat Covers For Chrysler Pt Cruiser Wagon 2001 - 2010,2,Covers don't fit as snugly as advertised. Slide around frequently and material feels thin. Not worth the money.,negative
O2ddIB1QQfQ,"1GB PC2-6400 DDR2-800MHz non-ECC 200-Pin SDRAM SoDimm Memory Module for Latitude D810 P/N 3DDLA12434777 (compatible with A12434777, KVR800D2S6/1G, KTH-ZD8000C6/1G, KTA-MB800/1G, KTT800D2/1G)",3,Memory worked fine but didn't see dramatic performance improvement. Installation was straightforward. Average product.,neutral
zc_oYfD0qFc,Dangling Ornaments skin for BlackBerry Bold 9700/9780,4,Fun festive design! Applied smoothly and looks great. Adds personality to my phone. Good quality adhesive.,positive
1ktPLaIVTbY,01 2001 Daewoo Leganza Lens Repair Kit,5,Saved me from buying a whole new headlight assembly! Kit had everything needed and instructions were clear. Great value!,positive
mvPZXBgNhZ0,07-10 Chrysler Sebring RI Chromed SS 3rd Brake Light Bezel 69909SS,3,Chrome looks nice but installation required some modification. End result is decent for the price.,neutral
QzJ1xg-ErWM,08-12 Chrysler Town and Country Covercraft Car Cover Evolution,5,Excellent car cover! Fits perfectly and provides great protection from the elements. Very happy with this purchase.,positive
WzkVo7HdJyI,Cleveland Cavaliers Jersey skin for Zune HD (2009),1,Skin bubbled up immediately and colors faded quickly. Waste of money - wouldn't recommend to anyone.,negative
3L4SCUvCEMo,1989 - 1991 Geo Tracker Windshield Wiper Blade Adapter Anco 48-08 Fro,4,Exactly what I needed for my vintage Tracker. Works perfectly with modern wiper blades. Great solution!,positive
2vWkVsBSCnk,1995 Chevrolet Beretta Gates Power Steering Hose Gat349950,5,High quality replacement hose. Installation was straightforward and no leaks after 6 months. Trust Gates products!,positive
RJwPKIIJS3E,2008 2009 2010 Subaru Impreza Right Side View Mirror,2,Mirror glass came loose after a month and fell out completely. Poor quality adhesive. Had to get it professionally reattached.,negative
A3tiQfOPwBU,1977 - 1979 Lincoln Mark V Distributor Rotor Standard Ignition FD-117,3,Standard replacement part that works fine. Nothing special but gets the job done. Price is fair.,neutral
wpcSB6EsBDM,Lloyd Ultimat Floor Mats Lexus RX350 2008 08,2,Mats slide around constantly and edges started curling within weeks. Expected better quality for this price point.,negative
o1oC3wtxZ48,White skin for Motorola Droid,5,"Clean, minimalist look that I love! Applied perfectly and has held up great for over a year. Highly recommend!",positive
pXNEY21MrSo,2008 Scion tC Covercraft Premier Floor Mats,3,Decent mats that fit well. Material quality is good but nothing exceptional. Fair value for the money.,neutral
wSBNpRWVgKA,LIQSOUVCONWA Pinnacle Liquid Souveran Concours Wax Kit,2,Wax was difficult to apply evenly and left streaks. Expected better results for such an expensive product.,negative
OsvRQ7_M7ik,Airaid Synthaflow Air Intake/cleaning Kit For 2003-2007 Hummer H2 6.0l,3,Performance gains were minimal but installation was easier than expected. Kit includes everything needed.,neutral
VWIe7mRkBwg,K&n Oil Filter 1997 Gmc K2500 5.0l V8- All Hp-3002,5,Excellent oil filter! Engine runs noticeably smoother and I feel confident about the protection. Worth the extra cost.,positive
VBCN6WfQMO4,Chrystal Glow Blue skin for Blackberry Storm 9530,4,Beautiful blue color with nice glow effect! Fits perfectly and protects the phone well. Very pleased with this skin.,positive
Sy0v8d7KBI0,Samsung 512MB PC3200 DDR-400MHz non-ECC Unbuffered CL3 200-Pin SoDimm Memory Module Mfr P/N M470L6524CU0-LCC,5,Great memory upgrade! System is much more responsive now. Samsung quality you can trust. Fast shipping too!,positive
vfe5Vha_KUs,Da-Lite 88193EL Advantage Deluxe Electrol Motorized Projection Screen (6 x 8'),2,"Motor makes loud noise and screen doesn't retract evenly. For this price, I expected much better quality and performance.",negative
FchYF1b_tXU,"20"" Fits Mustang &#174; Cobra 2005 Deep Dish Wheels & Tires Black / Rivets 20x8.5 / 20x10",3,Wheels look good but one had a slight vibration. Needed professional balancing to fix. Overall decent quality.,neutral
GGaKvoQVBJQ,W0133-1654321 Bosal Muffler,5,Outstanding muffler replacement! Perfect fit and great sound improvement. Installation was easier than expected. Highly recommend!,positive
kHk3VQohHuM,"Magnaflow 23293 Catalytic Converter Steel Dodge Dakota 79.5"" Length 5.2l",4,Quality catalytic converter that solved my emissions problems. Fits perfectly and seems well-built. Good investment.,positive
e_36YXDo2is,1979 - 1992 GMC G2500 Windshield Wiper Blade Bosch 47716 Front GMC Wi,2,Wiper blade streaks terribly and doesn't clear water effectively. Bosch usually makes good products but this one disappointed.,negative
dfVV773R-2M,On - Extended Service 78y9229,3,Service was adequate but not exceptional. Work was completed as promised but communication could be better.,neutral
A3sEM9hMbqg,Pair Bucket Seat Covers For Chrysler Pt Cruiser Wagon 2001 - 2010,5,Perfect fit and great quality! Easy to install and they've protected my seats beautifully. Excellent value for money!,positive
O2ddIB1QQfQ,"1GB PC2-6400 DDR2-800MHz non-ECC 200-Pin SDRAM SoDimm Memory Module for Latitude D810 P/N 3DDLA12434777 (compatible with A12434777, KVR800D2S6/1G, KTH-ZD8000C6/1G, KTA-MB800/1G, KTT800D2/1G)",4,Great upgrade for older laptop! System runs much faster now. Easy installation and good compatibility. Recommended!,positive
zc_oYfD0qFc,Dangling Ornaments skin for BlackBerry Bold 9700/9780,1,Skin started peeling immediately and colors were nothing like the photo. Complete waste of money.,negative
1ktPLaIVTbY,01 2001 Daewoo Leganza Lens Repair Kit,3,Kit works but required some improvisation. Instructions could be clearer. Gets the job done eventually.,neutral
mvPZXBgNhZ0,07-10 Chrysler Sebring RI Chromed SS 3rd Brake Light Bezel 69909SS,5,Beautiful chrome finish that really enhances the rear end appearance! Perfect fit and easy installation. Love it!,positive
QzJ1xg-ErWM,08-12 Chrysler Town and Country Covercraft Car Cover Evolution,3,Cover fits well but material is thinner than expected. Provides basic protection but not premium quality.,neutral
WzkVo7HdJyI,Cleveland Cavaliers Jersey skin for Zune HD (2009),5,Perfect for any Cavs fan! High quality graphics and fits like a glove. Colors are vibrant and haven't faded.,positive
3L4SCUvCEMo,1989 - 1991 Geo Tracker Windshield Wiper Blade Adapter Anco 48-08 Fro,2,Adapter broke after just a few uses. Plastic seems cheap and not durable enough for regular use.,negative
2vWkVsBSCnk,1995 Chevrolet Beretta Gates Power Steering Hose Gat349950,4,Solid replacement hose from trusted brand. Installation went smoothly and no issues after 3 months. Good quality.,positive
RJwPKIIJS3E,2008 2009 2010 Subaru Impreza Right Side View Mirror,5,Perfect replacement mirror! Exact fit and all functions work properly. Much cheaper than dealer part. Excellent!,positive
A3tiQfOPwBU,1977 - 1979 Lincoln Mark V Distributor Rotor Standard Ignition FD-117,1,Rotor failed within weeks and caused misfiring. Very poor quality for a supposedly reputable brand. Avoid!,negative
wpcSB6EsBDM,Lloyd Ultimat Floor Mats Lexus RX350 2008 08,4,Great quality mats with excellent fit. They look premium and protect the carpet well. Worth the investment!,positive
o1oC3wtxZ48,White skin for Motorola Droid,2,Skin yellowed quickly and started collecting dirt. Doesn't stay clean like I hoped it would. Disappointed.,negative
pXNEY21MrSo,2008 Scion tC Covercraft Premier Floor Mats,5,Excellent floor mats! Perfect fit and high quality materials. They've held up perfectly for over a year.,positive
wSBNpRWVgKA,LIQSOUVCONWA Pinnacle Liquid Souveran Concours Wax Kit,4,Great wax that gives an amazing shine! Takes some effort to apply properly but results are worth it.,positive
OsvRQ7_M7ik,Airaid Synthaflow Air Intake/cleaning Kit For 2003-2007 Hummer H2 6.0l,5,Fantastic improvement in performance and sound! Installation took time but instructions were clear. Highly recommended!,positive
VWIe7mRkBwg,K&n Oil Filter 1997 Gmc K2500 5.0l V8- All Hp-3002,2,Filter was defective and leaked oil everywhere. Quality control seems poor. Stick with OEM filters instead.,negative
VBCN6WfQMO4,Chrystal Glow Blue skin for Blackberry Storm 9530,3,Looks nice but application was tricky. Some bubbles were unavoidable but overall decent appearance.,neutral
Sy0v8d7KBI0,Samsung 512MB PC3200 DDR-400MHz non-ECC Unbuffered CL3 200-Pin SoDimm Memory Module Mfr P/N M470L6524CU0-LCC,2,Memory module was DOA. Returned it for replacement which also failed. Maybe got a bad batch.,negative
vfe5Vha_KUs,Da-Lite 88193EL Advantage Deluxe Electrol Motorized Projection Screen (6 x 8'),4,Great projection screen with smooth operation. Picture quality is excellent for home theater setup. Professional quality!,positive
FchYF1b_tXU,"20"" Fits Mustang &#174; Cobra 2005 Deep Dish Wheels & Tires Black / Rivets 20x8.5 / 20x10",5,Absolutely love these wheels! Perfect fitment and the deep dish look is aggressive. Quality is top-notch!,positive
GGaKvoQVBJQ,W0133-1654321 Bosal Muffler,3,Muffler does the job adequately. Sound is better than before but not amazing. Reasonable price point.,neutral
kHk3VQohHuM,"Magnaflow 23293 Catalytic Converter Steel Dodge Dakota 79.5"" Length 5.2l",1,Catalytic converter failed emissions test despite being new. Had to return and find different brand. Very frustrated.,negative
e_36YXDo2is,1979 - 1992 GMC G2500 Windshield Wiper Blade Bosch 47716 Front GMC Wi,4,Great wiper blade for vintage truck! Clears windshield perfectly and seems durable. Happy to find compatible parts.,positive
dfVV773R-2M,On - Extended Service 78y9229,5,Exceptional service experience! Professional staff and quality work completed ahead of schedule. Will definitely use again!,positive
A3sEM9hMbqg,Pair Bucket Seat Covers For Chrysler Pt Cruiser Wagon 2001 - 2010,3,Covers fit okay but material quality is average. They do protect the seats but nothing special for the price.,neutral
O2ddIB1QQfQ,"1GB PC2-6400 DDR2-800MHz non-ECC 200-Pin SDRAM SoDimm Memory Module for Latitude D810 P/N 3DDLA12434777 (compatible with A12434777, KVR800D2S6/1G, KTH-ZD8000C6/1G, KTA-MB800/1G, KTT800D2/1G)",1,Memory caused system crashes and instability. Removed it and laptop works fine again. Poor quality control.,negative
zc_oYfD0qFc,Dangling Ornaments skin for BlackBerry Bold 9700/9780,5,Love this holiday-themed skin! Applied perfectly and gets lots of compliments. Great seasonal accessory!,positive
1ktPLaIVTbY,01 2001 Daewoo Leganza Lens Repair Kit,4,Comprehensive kit that saved me money on replacement. Instructions could be better but all parts included work well.,positive
mvPZXBgNhZ0,07-10 Chrysler Sebring RI Chromed SS 3rd Brake Light Bezel 69909SS,2,Chrome finish started flaking off within months. Installation was frustrating due to poor fit. Not recommended.,negative
QzJ1xg-ErWM,08-12 Chrysler Town and Country Covercraft Car Cover Evolution,4,Good quality car cover that fits well. Material seems durable and provides excellent protection. Satisfied with purchase.,positive
WzkVo7HdJyI,Cleveland Cavaliers Jersey skin for Zune HD (2009),3,Decent skin with good graphics. Application took patience but end result looks nice. Fair value for team merchandise.,neutral
3L4SCUvCEMo,1989 - 1991 Geo Tracker Windshield Wiper Blade Adapter Anco 48-08 Fro,5,Perfect solution for upgrading old wiper system! Works flawlessly with modern blades. Great engineering!,positive
2vWkVsBSCnk,1995 Chevrolet Beretta Gates Power Steering Hose Gat349950,3,Hose fits fine and seems well-made. Installation was straightforward. Average product at fair price.,neutral
RJwPKIIJS3E,2008 2009 2010 Subaru Impreza Right Side View Mirror,4,Good replacement mirror with proper fit. All electric functions work correctly. Much cheaper than dealer option!,positive
A3tiQfOPwBU,1977 - 1979 Lincoln Mark V Distributor Rotor Standard Ignition FD-117,5,Excellent quality rotor that restored proper ignition timing! Engine runs like new again. Highly recommend this part!,positive
wpcSB6EsBDM,Lloyd Ultimat Floor Mats Lexus RX350 2008 08,3,Nice looking mats with good fit. Material quality is decent but price seems high for what you get.,neutral
o1oC3wtxZ48,White skin for Motorola Droid,4,Clean white design that looks professional. Applied easily and has stayed in good condition. Simple but effective.,positive
pXNEY21MrSo,2008 Scion tC Covercraft Premier Floor Mats,2,Mats don't stay in place and slide around while driving. Poor design for the clips. Safety concern while driving.,negative
wSBNpRWVgKA,LIQSOUVCONWA Pinnacle Liquid Souveran Concours Wax Kit,3,Decent wax that provides good protection. Results are good but application process is time-consuming. Average value.,neutral
OsvRQ7_M7ik,Airaid Synthaflow Air Intake/cleaning Kit For 2003-2007 Hummer H2 6.0l,2,Installation was more complex than advertised and performance gains were negligible. Not worth the hassle or cost.,negative
VWIe7mRkBwg,K&n Oil Filter 1997 Gmc K2500 5.0l V8- All Hp-3002,4,Good quality oil filter from trusted brand. Easy installation and provides excellent engine protection. Worth the premium.,positive
VBCN6WfQMO4,Chrystal Glow Blue skin for Blackberry Storm 9530,5,Stunning blue glow effect! Fits perfectly and protects phone well. Gets lots of attention. Love this skin!,positive
Sy0v8d7KBI0,Samsung 512MB PC3200 DDR-400MHz non-ECC Unbuffered CL3 200-Pin SoDimm Memory Module Mfr P/N M470L6524CU0-LCC,4,Reliable memory upgrade that improved system performance noticeably. Samsung quality at reasonable price. Recommended!,positive
vfe5Vha_KUs,Da-Lite 88193EL Advantage Deluxe Electrol Motorized Projection Screen (6 x 8'),3,Good projection screen but motor could be quieter. Picture quality is excellent when it works properly. Mixed feelings.,neutral
FchYF1b_tXU,"20"" Fits Mustang &#174; Cobra 2005 Deep Dish Wheels & Tires Black / Rivets 20x8.5 / 20x10",1,One wheel developed a crack after only a few months. Quality is questionable for the high price. Very disappointed.,negative
GGaKvoQVBJQ,W0133-1654321 Bosal Muffler,4,Solid replacement muffler with good sound dampening. Fitment was perfect and installation went smoothly. Good value!,positive
kHk3VQohHuM,"Magnaflow 23293 Catalytic Converter Steel Dodge Dakota 79.5"" Length 5.2l",5,Excellent catalytic converter! Truck passed emissions easily and runs cleaner. Top quality from Magnaflow as always!,positive
e_36YXDo2is,1979 - 1992 GMC G2500 Windshield Wiper Blade Bosch 47716 Front GMC Wi,1,Wiper blade left terrible streaks and made annoying noise. Returned it immediately. Very poor quality.,negative
dfVV773R-2M,On - Extended Service 78y9229,2,Service took twice as long as quoted and wasn't completed properly. Had to bring vehicle back multiple times. Frustrating experience.,negative
