product_id,product_name,rating,review_text,sentiment
qmGKsLcG1TU,1999 - 2004 Ford F-350 Super Duty Direct Ignition Coil Prenco W0133-1,4,Great quality coil at a reasonable price. Easy installation and my truck runs much smoother now.,positive
wWBhZVgfTyk,Creative Zen V Silicone Skin Case - Green,2,The green color was nice but the case doesn't fit properly. Buttons are hard to press through the silicone.,negative
GXC8EF4dmy8,PARK SIGNAL LIGHT DENALI 00-06 PSL RH,5,Perfect OEM replacement! Fits perfectly and looks identical to the original. Very happy with this purchase.,positive
lWfb-j0yRyQ,1992 Mazda 626 4-seasons A/c Compressor Fs57360,3,"It works, but installation was more complicated than expected. Pretty expensive for what it is.",neutral
81TdqLjiCUY,4GB Module DDR3 PC3-10600 CL=9 Registered ECC w/Parity DDR3-1333 Dual Rank 1.5V 512Meg x 72 for HP/Compaq ProLiant BL465c G7 Opteron Eight-Core 2.4GHz (518854-B21) Mfr P/N n/a,5,Perfect match for my server. Recognized immediately and running smoothly. Great price for ECC memory.,positive
95EKLVICZ6w,1968 - 1970 Ford Falcon Spark Plug Wire Set  8847 Ford Spark Pl,1,Very disappointed. Wires don't match up well with my Falcon and one was already frayed when I received it.,negative
77yDwfCzZAU,2000-2005 Suzuki GSXR 750 O-Ring Chain - Red,4,Nice looking chain and good quality. The red color looks great on my bike. Knocked off one star because installation instructions could be better.,positive
Z-_kNkcxJkY,1958 - 1959 Ford Skyliner Engine Water Pump Gasket FelPro 11758 Ford,5,Perfect fit for my restoration project. Can't beat the price and quality is excellent.,positive
brnxodT1lt0,OE Aftermarket Bolt,3,It's a bolt. It does what bolts do. Nothing special but gets the job done.,neutral
DcuyeLmJSl4,2006 - 2011 Mercedes-Benz ML350 Engine Water Pump Graf W0133-1766845,4,High quality replacement pump. Runs quiet and keeps the engine temperature stable. A bit pricey though.,positive
yNRDDeN3H0o,Prestolite 118029 ProConnect Black Professional O.E Grade Ignition Wire Set,5,These wires are fantastic! Engine runs smoother and starts more reliably. Great OE quality replacement.,positive
dtTkjVNYiuc,/Intermotor Starter Solenoid - S35900,2,Worked for about a month then failed. Not impressed with the durability for the price paid.,negative
ySpo8BkWnvI,"9921 2"" Black Single Gauge Mounting Panel",4,Simple but effective gauge panel. Easy to install and looks clean on the dashboard.,positive
wXcEeoK5yRc,1998-2000 Volvo V70 Wheel - Action Crash ALY70190U85N,1,Terrible quality control. The wheel was scratched and the bolt pattern didn't quite match my vehicle.,negative
6A09wL80PMQ,1964 - 1987 Buick Electra Differential Motive Gear 1105 Buick Differ,5,Perfect fit for my classic Buick. Smooth operation and easy installation. Very satisfied with this purchase.,positive
uucuPuY49M8,Evolution Custom Fit Car Cover - C15475GK,4,Great protection from the elements. Fits perfectly on my car and seems durable. A bit expensive but worth it.,positive
sna03Y6gV4w,01-06 Dodge Stratus Coverking Polycarpet Custom Rear Deck Cover,3,Decent product that fits okay. Material seems a bit thinner than expected but it does the job.,neutral
3hdaYj58yas,08 2008 Audi A3 Bumper Absorber - Front Passenger Side,5,Exact OEM fit at a fraction of the dealer price. Perfect replacement part.,positive
XCofK9thDrY,2008-2008 Chevrolet Malibu Seat Cover 08-08 Chevrolet Malibu Coverking C37CSC2S8CH8548 JCWC37CSC2S8CH8548,2,The fit is poor around the headrests and the material feels cheap. Not worth the price.,negative
M7tYBsBUna8,"MHL Scribe 3mil 51"" x 500' Dry Erase Laminating Film Clear",5,Excellent quality laminating film. Crystal clear and works perfectly for our office needs.,positive
9znxD_lMPaI,Gateway 512MB PC2700 DDR-333MHz non-ECC Unbuffered CL2.5 184-Pin DIMM Memory Module R0For 310 Xl Home Computer R2/ 310 Xl Home Computer R3 Mfr P/N 16VDDT646AG335GB,3,Works as expected. Nothing fancy but did the job upgrading my old Gateway computer.,neutral
u07V79Cjisk,1987 - 1987 GMC V2500 Windshield Wiper Blade Trico 16-2 GMC Windshie,4,Good quality replacement blade. Clears water effectively without streaking. Easy to install.,positive
TjynFjBaXNM,"US and Mexico Map 1848 skin for Apple Macbook Pro 13"" (2011)",2,The design is nice but the skin doesn't adhere well to the laptop. Started peeling within a week.,negative
T4hmigh-5qk,2005 Cadillac Deville Roto-tech Brake Disc 485268,5,Smooth braking performance and perfect fit. No issues with installation. Great quality.,positive
qmGKsLcG1TU,1999 - 2004 Ford F-350 Super Duty Direct Ignition Coil Prenco W0133-1,2,Didn't last very long. Had to replace it after just 3 months. Not worth the money.,negative
wWBhZVgfTyk,Creative Zen V Silicone Skin Case - Green,5,Perfect fit for my Zen V. The green color is vibrant and the case provides great protection.,positive
GXC8EF4dmy8,PARK SIGNAL LIGHT DENALI 00-06 PSL RH,3,"It works and fits okay, but the plastic seems a bit thinner than the original. Gets the job done though.",neutral
lWfb-j0yRyQ,1992 Mazda 626 4-seasons A/c Compressor Fs57360,5,Saved me from the summer heat! Perfect replacement part and my AC works better than ever now.,positive
81TdqLjiCUY,4GB Module DDR3 PC3-10600 CL=9 Registered ECC w/Parity DDR3-1333 Dual Rank 1.5V 512Meg x 72 for HP/Compaq ProLiant BL465c G7 Opteron Eight-Core 2.4GHz (518854-B21) Mfr P/N n/a,2,Memory failed after just two weeks of use. Very disappointing for ECC RAM at this price point.,negative
95EKLVICZ6w,1968 - 1970 Ford Falcon Spark Plug Wire Set  8847 Ford Spark Pl,4,Good quality replacement wires. My Falcon runs much better now with improved starting and idle.,positive
77yDwfCzZAU,2000-2005 Suzuki GSXR 750 O-Ring Chain - Red,1,Chain stretched way too quickly and the red color faded after just a few rides. Very disappointed.,negative
Z-_kNkcxJkY,1958 - 1959 Ford Skyliner Engine Water Pump Gasket FelPro 11758 Ford,3,Standard gasket that fits as expected. Nothing special but does what it's supposed to do.,neutral
brnxodT1lt0,OE Aftermarket Bolt,5,Perfect replacement bolt at a great price. Exact match for what I needed.,positive
DcuyeLmJSl4,2006 - 2011 Mercedes-Benz ML350 Engine Water Pump Graf W0133-1766845,1,Terrible product! Failed within a month and caused overheating issues. Not worth the premium price.,negative
yNRDDeN3H0o,Prestolite 118029 ProConnect Black Professional O.E Grade Ignition Wire Set,3,Average quality wires. They work fine but nothing spectacular for the price.,neutral
dtTkjVNYiuc,/Intermotor Starter Solenoid - S35900,5,Excellent quality solenoid! Easy installation and works perfectly. No more starting issues.,positive
ySpo8BkWnvI,"9921 2"" Black Single Gauge Mounting Panel",2,Poor quality plastic that cracked during installation. Would not recommend.,negative
wXcEeoK5yRc,1998-2000 Volvo V70 Wheel - Action Crash ALY70190U85N,4,Good quality replacement wheel that matches the originals perfectly. Fair price for what you get.,positive
6A09wL80PMQ,1964 - 1987 Buick Electra Differential Motive Gear 1105 Buick Differ,2,Gear ratio wasn't quite right for my application. Had to return and get something else.,negative
uucuPuY49M8,Evolution Custom Fit Car Cover - C15475GK,5,Best car cover I've ever owned! Perfect fit and excellent protection from the elements.,positive
sna03Y6gV4w,01-06 Dodge Stratus Coverking Polycarpet Custom Rear Deck Cover,1,Very poor fit for my 2005 Stratus. Material is thin and already tearing at the edges.,negative
3hdaYj58yas,08 2008 Audi A3 Bumper Absorber - Front Passenger Side,3,It fits and works as expected. Nothing special but gets the job done at a reasonable price.,neutral
XCofK9thDrY,2008-2008 Chevrolet Malibu Seat Cover 08-08 Chevrolet Malibu Coverking C37CSC2S8CH8548 JCWC37CSC2S8CH8548,5,Perfect fit and excellent quality material. Makes my old seats look brand new!,positive
M7tYBsBUna8,"MHL Scribe 3mil 51"" x 500' Dry Erase Laminating Film Clear",2,Not as clear as advertised and tends to bubble during application. Wouldn't purchase again.,negative
9znxD_lMPaI,Gateway 512MB PC2700 DDR-333MHz non-ECC Unbuffered CL2.5 184-Pin DIMM Memory Module R0For 310 Xl Home Computer R2/ 310 Xl Home Computer R3 Mfr P/N 16VDDT646AG335GB,5,Perfect compatibility with my old Gateway. Computer boots faster and runs much smoother now.,positive
u07V79Cjisk,1987 - 1987 GMC V2500 Windshield Wiper Blade Trico 16-2 GMC Windshie,1,Poor quality blade that leaves streaks across the windshield. Waste of money.,negative
TjynFjBaXNM,"US and Mexico Map 1848 skin for Apple Macbook Pro 13"" (2011)",4,Beautiful design and good adhesive. Easy to apply with no bubbles. Very pleased with this purchase.,positive
T4hmigh-5qk,2005 Cadillac Deville Roto-tech Brake Disc 485268,3,Standard replacement disc. Works fine but nothing exceptional for the price.,neutral
qmGKsLcG1TU,1999 - 2004 Ford F-350 Super Duty Direct Ignition Coil Prenco W0133-1,5,Outstanding product! Easy to install and my truck's performance improved immediately. Great value.,positive
wWBhZVgfTyk,Creative Zen V Silicone Skin Case - Green,3,Average case that provides decent protection. The green color is nice but nothing special.,neutral
GXC8EF4dmy8,PARK SIGNAL LIGHT DENALI 00-06 PSL RH,2,Poor light output compared to OEM and fitment required some modification. Not happy with this purchase.,negative
lWfb-j0yRyQ,1992 Mazda 626 4-seasons A/c Compressor Fs57360,4,Very good compressor that restored my AC to like-new condition. Installation was straightforward.,positive
81TdqLjiCUY,4GB Module DDR3 PC3-10600 CL=9 Registered ECC w/Parity DDR3-1333 Dual Rank 1.5V 512Meg x 72 for HP/Compaq ProLiant BL465c G7 Opteron Eight-Core 2.4GHz (518854-B21) Mfr P/N n/a,3,Works as expected. No issues with compatibility but nothing exceptional to report either.,neutral
95EKLVICZ6w,1968 - 1970 Ford Falcon Spark Plug Wire Set  8847 Ford Spark Pl,5,Perfect restoration part! These wires are excellent quality and my Falcon runs better than ever.,positive
77yDwfCzZAU,2000-2005 Suzuki GSXR 750 O-Ring Chain - Red,3,Decent chain for the price. The red looks good but I'm concerned about long-term durability.,neutral
Z-_kNkcxJkY,1958 - 1959 Ford Skyliner Engine Water Pump Gasket FelPro 11758 Ford,4,Good quality gasket at an excellent price. No leaks after installation. Would buy again.,positive
brnxodT1lt0,OE Aftermarket Bolt,2,Threads were slightly off and it was difficult to install. Not a true OE replacement.,negative
DcuyeLmJSl4,2006 - 2011 Mercedes-Benz ML350 Engine Water Pump Graf W0133-1766845,5,Excellent quality pump that was easy to install. My ML350 runs cooler than ever now.,positive
yNRDDeN3H0o,Prestolite 118029 ProConnect Black Professional O.E Grade Ignition Wire Set,4,Good quality wires that improved engine performance. Installation was straightforward. Good value.,positive
dtTkjVNYiuc,/Intermotor Starter Solenoid - S35900,3,Works as expected. Nothing particularly impressive but it fixed my starting issues.,neutral
ySpo8BkWnvI,"9921 2"" Black Single Gauge Mounting Panel",5,Perfect fit for my custom gauge setup. Good quality plastic and clean appearance.,positive
wXcEeoK5yRc,1998-2000 Volvo V70 Wheel - Action Crash ALY70190U85N,3,Acceptable quality for the price. Not quite as nice as OEM but works fine as a replacement.,neutral
6A09wL80PMQ,1964 - 1987 Buick Electra Differential Motive Gear 1105 Buick Differ,4,Very good quality gear that installed without issues. Good value for a specialized part.,positive
uucuPuY49M8,Evolution Custom Fit Car Cover - C15475GK,2,The fit is not as 'custom' as advertised. Material seems okay but overall disappointing.,negative
sna03Y6gV4w,01-06 Dodge Stratus Coverking Polycarpet Custom Rear Deck Cover,5,Perfect fit and excellent protection for my Stratus. Very pleased with this purchase.,positive
3hdaYj58yas,08 2008 Audi A3 Bumper Absorber - Front Passenger Side,4,Good quality absorber that installed easily. Saved a ton compared to dealer prices.,positive
XCofK9thDrY,2008-2008 Chevrolet Malibu Seat Cover 08-08 Chevrolet Malibu Coverking C37CSC2S8CH8548 JCWC37CSC2S8CH8548,3,Reasonable quality covers that fit okay. Installation was a bit challenging but they look decent.,neutral
M7tYBsBUna8,"MHL Scribe 3mil 51"" x 500' Dry Erase Laminating Film Clear",4,Very good quality laminating film. Clear finish and applies smoothly. A bit pricey but worth it.,positive
9znxD_lMPaI,Gateway 512MB PC2700 DDR-333MHz non-ECC Unbuffered CL2.5 184-Pin DIMM Memory Module R0For 310 Xl Home Computer R2/ 310 Xl Home Computer R3 Mfr P/N 16VDDT646AG335GB,2,Had compatibility issues with my system despite being listed as compatible. Disappointing purchase.,negative
u07V79Cjisk,1987 - 1987 GMC V2500 Windshield Wiper Blade Trico 16-2 GMC Windshie,5,Excellent wiper blade that fits perfectly. Great water clearing and no streaking.,positive
TjynFjBaXNM,"US and Mexico Map 1848 skin for Apple Macbook Pro 13"" (2011)",1,Very poor quality skin. The print was blurry and it didn't adhere properly. Complete waste of money.,negative
T4hmigh-5qk,2005 Cadillac Deville Roto-tech Brake Disc 485268,4,Very good quality disc that installed without issues. Braking performance is noticeably improved.,positive
qmGKsLcG1TU,1999 - 2004 Ford F-350 Super Duty Direct Ignition Coil Prenco W0133-1,3,Average quality coil that works as expected. Nothing special but gets the job done.,neutral
wWBhZVgfTyk,Creative Zen V Silicone Skin Case - Green,4,Nice protective case with good button response. The green color is vibrant and attractive.,positive
GXC8EF4dmy8,PARK SIGNAL LIGHT DENALI 00-06 PSL RH,5,Perfect OEM replacement. Easy installation and perfect fit. Highly recommended.,positive
lWfb-j0yRyQ,1992 Mazda 626 4-seasons A/c Compressor Fs57360,2,Difficult installation and the compressor is noisier than expected. Not impressed.,negative
81TdqLjiCUY,4GB Module DDR3 PC3-10600 CL=9 Registered ECC w/Parity DDR3-1333 Dual Rank 1.5V 512Meg x 72 for HP/Compaq ProLiant BL465c G7 Opteron Eight-Core 2.4GHz (518854-B21) Mfr P/N n/a,4,Good quality memory module that worked perfectly with my server. Good value for ECC RAM.,positive
95EKLVICZ6w,1968 - 1970 Ford Falcon Spark Plug Wire Set  8847 Ford Spark Pl,3,Adequate replacement wires. Nothing fancy but they do the job at a reasonable price.,neutral
77yDwfCzZAU,2000-2005 Suzuki GSXR 750 O-Ring Chain - Red,5,Excellent quality chain! The red color looks fantastic and performance is top notch.,positive
Z-_kNkcxJkY,1958 - 1959 Ford Skyliner Engine Water Pump Gasket FelPro 11758 Ford,2,Poor quality gasket that started leaking after just a few weeks. Would not buy again.,negative
brnxodT1lt0,OE Aftermarket Bolt,4,Good quality bolt at a fair price. Perfect match for my application.,positive
DcuyeLmJSl4,2006 - 2011 Mercedes-Benz ML350 Engine Water Pump Graf W0133-1766845,3,Standard replacement pump that works as expected. Installation instructions could be better.,neutral
yNRDDeN3H0o,Prestolite 118029 ProConnect Black Professional O.E Grade Ignition Wire Set,2,Wires started failing after just 6 months. Poor quality for the price charged.,negative
dtTkjVNYiuc,/Intermotor Starter Solenoid - S35900,4,Very good quality solenoid that resolved my starting issues. Installation was straightforward.,positive
ySpo8BkWnvI,"9921 2"" Black Single Gauge Mounting Panel",3,Basic panel that does what it's supposed to do. Nothing special but no complaints either.,neutral
wXcEeoK5yRc,1998-2000 Volvo V70 Wheel - Action Crash ALY70190U85N,5,Perfect replacement wheel! Excellent quality and finish. Looks just like OEM.,positive
6A09wL80PMQ,1964 - 1987 Buick Electra Differential Motive Gear 1105 Buick Differ,1,Poor quality gear that made noise from day one. Had to replace it after just two months.,negative
uucuPuY49M8,Evolution Custom Fit Car Cover - C15475GK,3,Decent car cover that fits okay but not perfectly. Material seems durable enough.,neutral
sna03Y6gV4w,01-06 Dodge Stratus Coverking Polycarpet Custom Rear Deck Cover,4,Good quality cover that fits well and looks nice. Installation was straightforward.,positive
